{
  "project_info": {
    "project_number": "1095794775106",
    "project_id": "taskapp-6c203",
    "storage_bucket": "taskapp-6c203.appspot.com"
  },
  "client": [
    {
      "client_info": {
        "mobilesdk_app_id": "1:1095794775106:android:740c234586deedfeb249db",
        "android_client_info": {
          "package_name": "com.kazungudev.taskapp"
        }
      },
      "oauth_client": [
        {
          "client_id": "1095794775106-o11ucvcc8hhnn7hap1nca8da4hidvho0.apps.googleusercontent.com",
          "client_type": 3
        }
      ],
      "api_key": [
        {
          "current_key": "AIzaSyBxyCdGf7Ql_xPVxOAsbr19teUngpgQFPY"
        }
      ],
      "services": {
        "appinvite_service": {
          "other_platform_oauth_client": [
            {
              "client_id": "1095794775106-o11ucvcc8hhnn7hap1nca8da4hidvho0.apps.googleusercontent.com",
              "client_type": 3
            }
          ]
        }
      }
    }
  ],
  "configuration_version": "1"
}